nombre,linea,latitud,longitud
SAN PABLO,Linea 1,-33.4441895493096,-70.7232885295238
NEPTUNO,Linea 1,-33.4519325188292,-70.7225384535852
PAJARITOS,Linea 1,-33.4578262836353,-70.7134030021858
LAS REJAS,Linea 1,-33.4572381556193,-70.7064745878902
ECUADOR,Linea 1,-33.456189321975,-70.7010540388778
PILA DEL GANSO,Linea 1,-33.4542558932224,-70.6922912963922
UNIVERSIDAD DE SANTIAGO,Linea 1,-33.452604206305,-70.6862764108913
ESTACION CENTRAL,Linea 1,-33.4508943874567,-70.6799652274033
LOS HEROES,Linea 1,-33.4462814285225,-70.6604447474867
REPUBLICA,Linea 1,-33.4468959493874,-70.6642448520769
UNION LATINOAMERICANA,Linea 1,-33.4496517732411,-70.6743659116455
BAQUEDANO,Linea 1,-33.4373094107511,-70.633288271414
MONEDA,Linea 1,-33.4452451580749,-70.6557810269516
UNIVERSIDAD DE CHILE,Linea 1,-33.4442955966118,-70.6517220563516
SANTA LUCIA,Linea 1,-33.442985195097,-70.6464588815257
UNIVERSIDAD CATOLICA,Linea 1,-33.4407987487585,-70.6410296403953
LOS LEONES,Linea 1,-33.422637924811,-70.6089251611236
PEDRO DE VALDIVIA,Linea 1,-33.4256626931254,-70.6138003736448
TOBALABA,Linea 1,-33.4184862299736,-70.6016641801424
SALVADOR,Linea 1,-33.4341440809603,-70.6261997001865
MANUEL MONTT,Linea 1,-33.4289742002976,-70.6193876026189
ALCANTARA,Linea 1,-33.4153595288739,-70.5896808968626
EL GOLF,Linea 1,-33.4165776760031,-70.5955702059519
ESCUELA MILITAR,Linea 1,-33.4141838217081,-70.5843110380417
HERNANDO DE MAGALLANES,Linea 1,-33.4077535826152,-70.5568743241157
MANQUEHUE,Linea 1,-33.4091408674,-70.5684291380973
LOS DOMINICOS,Linea 1,-33.4078940260839,-70.5448498352736
CAL Y CANTO,Linea 2,-33.4330738594289,-70.6532327437442
TOESCA,Linea 2,-33.4536553242918,-70.6583512922798
PARQUE O'HIGGINS,Linea 2,-33.4604352687099,-70.6564268340579
FRANKLIN,Linea 2,-33.476478030003,-70.6491927538438
EL LLANO,Linea 2,-33.4819690946593,-70.649724124326
SAN MIGUEL,Linea 2,-33.488918548731,-70.6507949817575
LO VIAL,Linea 2,-33.4964982523913,-70.6528271240302
DEPARTAMENTAL,Linea 2,-33.5034335286243,-70.6549557868557
CIUDAD DEL NINO,Linea 2,-33.5116936917353,-70.6570780791716
LO OVALLE,Linea 2,-33.5179859175857,-70.6590850657059
EL PARRON,Linea 2,-33.5266447641575,-70.6612634875271
LA CISTERNA,Linea 2,-33.537566174714,-70.6641952959095
PATRONATO,Linea 2,-33.4296626786608,-70.6470439411899
CERRO BLANCO,Linea 2,-33.4221817256352,-70.6449483392731
RONDIZZONI,Linea 2,-33.4699752072452,-70.6559421829235
CEMENTERIOS,Linea 2,-33.414038116351,-70.6433733542498
EINSTEN,Linea 2,-33.4066024836564,-70.6430269260008
DORSAL,Linea 2,-33.3970181272519,-70.6426776602094
ZAPADORES,Linea 2,-33.3909810721993,-70.6424092101355
VESPUCIO,Linea 2,-33.3801967585275,-70.646513926246
HUECHURABA,Linea 3,-33.3665086683468,-70.689431672253
VIVACETA,Linea 3,-33.3859269188792,-70.6793259801501
CARDENAL CARO,Linea 3,-33.3736108021268,-70.6864304359522
CONCHALI,Linea 3,-33.3979239108515,-70.6697728726656
PLAZA CHACABUCO,Linea 3,-33.4065172626861,-70.661120162633
HOSPITALES,Linea 3,-33.4177736751268,-70.6562801299892
PARQUE ALMAGRO,Linea 3,-33.4518486644689,-70.6505696483649
MATTA,Linea 3,-33.4583566344736,-70.6433445568871
CHILE ESPAÑA,Linea 3,-33.4547874399297,-70.5983597831629
MONSEÑOR EYZAGUIRRE,Linea 3,-33.4532453094204,-70.6136731124783
DIAGONAL ORIENTE,Linea 3,-33.4547498770132,-70.5801876056948
ÑUÑOA,Linea 3,-33.4541694552221,-70.6050080334914
LARRAIN,Linea 3,-33.4521869147703,-70.5589577225685
ROJAS MAGALLANES,Linea 4,-33.5355626060666,-70.5928370493258
TRINIDAD,Linea 4,-33.547121952292,-70.5876809438422
LOS QUILLAYES,Linea 4,-33.5645917878309,-70.584444276657
SOTERO DEL RIO,Linea 4,-33.5760965125451,-70.5819455079579
ELISA CORREA,Linea 4,-33.5689523531882,-70.5837043561629
LAS MERCEDES,Linea 4,-33.5941574600372,-70.5788154697052
PROTECTORA DE LA INFANCIA,Linea 4,-33.5858551386495,-70.5802625925502
PLAZA PUENTE ALTO,Linea 4,-33.6093702375755,-70.5758486831562
BILBAO,Linea 4,-33.4317175526537,-70.584828625266
COLON,Linea 4,-33.426529571086,-70.5912090291461
PRINCIPE DE GALES,Linea 4,-33.4381032003105,-70.5735397454335
SIMON BOLIVAR,Linea 4,-33.4480246786515,-70.571714704645
PLAZA EGAÑA,Linea 4,-33.4534819267586,-70.5708091454529
LOS ORIENTALES,Linea 4,-33.4590477298684,-70.5722034849363
GRECIA,Linea 4,-33.4689061864731,-70.5763196654363
LOS PRESIDENTES,Linea 4,-33.4814045734737,-70.5792275378416
QUILIN,Linea 4,-33.4877700468363,-70.5801337069808
LAS TORRES,Linea 4,-33.5002880403036,-70.5871172199117
MACUL,Linea 4,-33.50788092466,-70.5898862908332
VICUNA MACKENNA,Linea 4,-33.5218435457784,-70.5975137809302
SANTA JULIA,Linea 4A,-33.5311793436307,-70.6054423508582
LA GRANJA,Linea 4A,-33.5376493232418,-70.6099648126666
SANTA ROSA,Linea 4A,-33.5425154965582,-70.6341413946416
SAN RAMON,Linea 4A,-33.5412046621782,-70.6433162307882
QUINTA NORMAL,Linea 5,-33.4403440798742,-70.6800734685287
SANTA ANA,Linea 5,-33.4383757138624,-70.6596648150306
RICARDO CUMMING,Linea 5,-33.4387791785264,-70.6644951422769
PLAZA DE ARMAS,Linea 5,-33.4375859704784,-70.6507579492033
BELLAS ARTES,Linea 5,-33.4362986411631,-70.6432741403911
PARQUE BUSTAMANTE,Linea 5,-33.4413791890142,-70.632197885255
SANTA ISABEL,Linea 5,-33.4471521955106,-70.630263920306
IRARRAZAVAL,Linea 5,-33.4524508107646,-70.629040694574
NUBLE,Linea 5,-33.467170357441,-70.6249128167889
RODRIGO DE ARAYA,Linea 5,-33.4766893676758,-70.6224711577377
CARLOS VALDOVINO,Linea 5,-33.4863019940656,-70.6191657711169
SAN JOAQUIN,Linea 5,-33.4961550686448,-70.6164085931574
PEDRERO,Linea 5,-33.5079730072836,-70.6131830231273
MIRADOR,Linea 5,-33.5131093364346,-70.6061307671229
BELLAVISTA,Linea 5,-33.5206805503697,-70.5987179941017
VICENTE VALDES,Linea 5,-33.5264955551145,-70.5965021479863
PLAZA DE MAIPU,Linea 5,-33.5104905971795,-70.7571658502422
BARRANCAS,Linea 5,-33.4524414479452,-70.7391762010878
LAGUNA SUR,Linea 5,-33.4628175223006,-70.737813557863
LAS PARCELAS,Linea 5,-33.4753144125047,-70.7397283084099
MONTE TABOR,Linea 5,-33.4821387353957,-70.7451309299808
DEL SOL,Linea 5,-33.4889479412597,-70.7520933538652
SANTIAGO BUERAS,Linea 5,-33.4963897197621,-70.7573803172831
LO PRADO,Linea 5,-33.4431112566683,-70.7157402734013
GRUTA DE LOURDES,Linea 5,-33.4380879348105,-70.6911874889366
BLANQUEADO,Linea 5,-33.4414418276839,-70.7071813991128
PUDAHUEL,Linea 5,-33.4447327949532,-70.7406491012186
INES DE SUAREZ,Linea 6,-33.438561733474,-70.6075603009336
ESTADIO NACIONAL,Linea 6,-33.4624574528369,-70.6063873907723
BIO BIO,Linea 6,-33.4763562279478,-70.6421861116224
CLUB HÍPICO,Linea 6,-33.4763962382219,-70.6651150536021
LO VALLEDOR,Linea 6,-33.4762926087901,-70.6802960685304
CERRILLOS,Linea 6,-33.4833088251866,-70.695292499727
